sample_name,lab_ID,source,voucher,reference,subspecies,pre/post-bottleneck,time_window,sex,sex_inferred_from_depth_X_scaffolds,country,locality,date,sequencing_platform,sequencing_mode,retained_reads,mapped_reads_raw,mapped_reads_raw_fraction,mapped_reads_clonal_fraction,mapped_reads_unique,mapped_reads_unique_fraction,depth_of_coverage,5â€™CtoT_damage,gw_het_GL1_raw,gw_het_GL1_corrected,exon_het_GL1_raw,exon_het_GL1_corrected,FRoH,relatedness,filters,gw_het_GL2,gw_het_GL2_3x,gw_het_GL2_5x,ErTv,gw_het_GL2_3x_ErTv,gw_het_GL2_5x_ErTv,F_ngsF,exon_het_GL2_5x,exon_het_GL2_5x_ErTv,Froh_JH767723,Froh_88filt,Froh,ave_RoH_len,max_RoH_len,min_RoH_len,GW_het_DS,GW_het_DS_corrected
ZA1869.1,mwr_TG0449,Natural_History_Museum_Praha,PGU-37572,unpublished,simum,Pre-bottleneck,SWRpre,NA,F,South Africa,NA,1869,BGIseq-500,Single_end_100_bp,760368932,584022087,0.7681,0.2468,439905054,0.5785,11.3,0.0159,0.000112,0.00013,0.000077,0.000091,0.2555,,,0.00012987,0.00013056,0.00013415,0.00103948,0.00013042,0.00013401,0.094689,0.00009057,0.00009048,0.1822,0.35311,0.244601,281919,2124742,10206,0.00008837,8.8274444998476E-05
CD-un.1,mwr_TG0450,Royal_Museum_of_Central_Africa_Tervuren,CSC_RG3881,unpublished,cottoni,Pre-bottleneck,NWRpre,NA,M,DRC,Faradje,NA,BGIseq-500,Single_end_100_bp,797010345,159295757,0.1999,0.4067,94504610,0.1186,2.84,0.0284,0.00005,0.000455,0.000036,0.000309,0.8814,Related to CD-un.2,excluded from Gwhet and Froh comparisons,0.0001253,0.00017182,0.00034522,0.00502398,0.00017096,0.00034349,NA,0.00029854,0.00029704,0,NA,0.000304,185695,185695,185695,NA,NA
CD1912.1,mwr_TG0451,American_Museum_Natural_History,CSC_Z_51861,unpublished,cottoni,Pre-bottleneck,NWRpre,F,F,DRC,Faradje,1912,BGIseq-500,Single_end_100_bp,790975295,337019616,0.4261,0.5166,162912615,0.206,4.85,0.0261,0.000082,0.000218,0.000036,0.000099,0.3463,,excluded from Gwhet and Froh comparisons,0.00015921,0.00018862,0.00032295,0.00711305,0.00018728,0.00032065,NA,0.00013597,0.000135,0.0184,NA,0.024551,145604,566181,26548,NA,NA
CD1912.2,mwr_TG0452,American_Museum_Natural_History,CSC_Z_51856,unpublished,cottoni,Pre-bottleneck,NWRpre,NA,F,DRC,Vankerchovenville,1912,BGIseq-500,Single_end_100_bp,789271480,500221011,0.6338,0.5326,233786629,0.2962,7.08,0.0276,0.000122,0.000202,0.000065,0.00011,0.1222,,excluded from Froh comparison,0.0001936,0.00020383,0.00025049,0.00666686,0.00020247,0.00024882,0.000726,0.00012714,0.00012629,0.0246,0.3348,0.026757,62385.1,210849,6453,0.00016924,0.0001681157
CD1911.1,mwr_TG0453,American_Museum_Natural_History,CSC_Z_51879_51897,unpublished,cottoni,Pre-bottleneck,NWRpre,F,M,DRC,Faradje,1911,BGIseq-500,Single_end_100_bp,734666100,629072425,0.8563,0.2316,483360897,0.6579,16.98,0.02,0.000193,0.000195,0.000121,0.000122,0.2148,,,0.00020754,0.00020781,0.00020857,0.00063365,0.00020768,0.00020844,0.038492,0.00013307,0.00013299,0.5026,0.66624,0.449737,244854,4078183,2806,0.00012755,0.0001274682
CD1913.1,mwr_TG0454,American_Museum_Natural_History,CSC_Z_51860,unpublished,cottoni,Pre-bottleneck,NWRpre,M,M,DRC,Faradje,1913,BGIseq-500,Single_end_100_bp,712628088,517869081,0.7267,0.2518,387485297,0.5437,9.92,0.0337,0.000161,0.000201,0.000111,0.000141,0.167,,,0.00018836,0.00019078,0.00020005,0.00074164,0.00019064,0.0001999,0.009988,0.00013028,0.00013018,0.2538,0.33495,0.288793,160229,1748452,6923,0.00013462,0.0001345232
CD1912.3,mwr_TG0455,American_Museum_Natural_History,CSC_Z_51858,unpublished,cottoni,Pre-bottleneck,NWRpre,M,M,DRC,Faradje,1912,BGIseq-500,Single_end_100_bp,812194932,633417574,0.7799,0.2174,495706137,0.6103,14.79,0.021,0.000199,0.000206,0.000121,0.000126,0.1473,,,0.00021613,0.00021632,0.00021722,0.00081619,0.00021614,0.00021704,0.002639,0.00013523,0.00013512,0.33,0.38796,0.346863,194568,5679274,5317,0.00013433,0.0001342234
CD1911.2,mwr_TG0456,American_Museum_Natural_History,CSC_Z_51855,unpublished,cottoni,Pre-bottleneck,NWRpre,M,M,DRC,Faradje,1911,BGIseq-500,Single_end_100_bp,786298539,181668497,0.231,0.2904,128916424,0.164,3.39,0.0353,0.000046,0.000242,0.000033,0.000175,0.8218,,excluded from Gwhet and Froh comparisons,0.00009134,0.00010829,0.00016431,0.00600659,0.00010764,0.00016332,NA,0.00010636,0.00010573,0.0134,NA,0.011143,194485,479808,41491,NA,NA
CD-un.2,mwr_TG0458,Royal_Museum_of_Central_Africa_Tervuren,CSC_RG3880,unpublished,cottoni,Pre-bottleneck,NWRpre,NA,M,DRC,NA,NA,BGIseq-500,Single_end_100_bp,770376546,605242348,0.7856,0.2401,459929143,0.597,13.09,0.0288,0.000187,0.000202,0.000116,0.000126,0.1399,,,0.00020742,0.00020797,0.00021046,0.00075587,0.00020781,0.0002103,0.001256,0.00012999,0.00012989,0.2551,0.57738,0.312841,165456,2117537,2924,0.0001297,0.000129602
SD1905.1,mwr_TG0460,Powell_Cotton_Museum,40,unpublished,cottoni,Pre-bottleneck,NWRpre,F,F,Sudan,By_Kero_Lado_Enclave,1905,BGIseq-500,Single_end_100_bp,796257179,626488519,0.7868,0.2339,479957310,0.6028,16.25,0.0244,0.000186,0.000189,0.00011,0.000112,0.2211,,,0.00020155,0.00020188,0.00020184,0.00080495,0.00020172,0.00020168,0.01298,0.00012193,0.00012184,0.3565,0.44042,0.459523,248191,4947425,4241,0.00011501,0.0001149164
SD1905.2,mwr_TG0461,Powell_Cotton_Museum,34,unpublished,cottoni,Pre-bottleneck,NWRpre,M,M,Sudan,By_Kero_Lado_Enclave,1905,BGIseq-500,Single_end_100_bp,784968111,667248843,0.85,0.6316,245806682,0.3131,7.42,0.0601,0.000119,0.000189,0.000058,0.000094,0.246,,excluded from Froh comparison,0.00015737,0.00015869,0.00016522,0.00188811,0.00015839,0.00016491,0.014035,0.00009205,0.00009188,0.0578,0.84284,0.043889,48923.7,286765,5544,0.00012215,0.0001219234
UG1905.1,mwr_TG0462,Powell_Cotton_Museum,124,unpublished,cottoni,Pre-bottleneck,NWRpre,M,M,Uganda,Ouneri_Nr_Wadelai_Lado_Enclave,1905,BGIseq-500,Single_end_100_bp,731749543,592900574,0.8103,0.3335,395164915,0.54,13.83,0.0317,0.000172,0.000183,0.000093,0.000099,0.2378,,,0.00019243,0.00019234,0.00019273,0.00147236,0.00019206,0.00019245,0.024529,0.00011215,0.00011199,0.3638,0.3097,0.4292,229380,4330095,4883,0.00012415,0.0001239682
SD1905.3,mwr_TG0463,Powell_Cotton_Museum,20,unpublished,cottoni,Pre-bottleneck,NWRpre,M,M,Sudan,Fariala_Lado_Enclave,1905,BGIseq-500,Single_end_100_bp,772010465,620352748,0.8036,0.2412,470709226,0.6097,16.82,0.023,0.000192,0.000195,0.000098,0.000099,0.1817,,,0.00020895,0.00020908,0.00020982,0.00109412,0.00020885,0.00020959,0.004237,0.00011721,0.00011709,0.3737,0.40679,0.35398,200773,2867858,2049,0.0001273,0.0001271607
SD1905.4,mwr_TG0465,Powell_Cotton_Museum,18,unpublished,cottoni,Pre-bottleneck,NWRpre,F,F,Sudan,Fariala_Lado_Enclave,1905,BGIseq-500,Single_end_100_bp,764697017,648541455,0.8481,0.2342,496655103,0.6495,17.13,0.0171,0.000199,0.000201,0.000116,0.000117,0.1667,,,0.00021437,0.00021458,0.0002143,0.00106561,0.00021435,0.00021407,0.004111,0.00012849,0.00012835,0.3174,0.60966,0.384337,211701,5575246,2612,0.0001293,0.0001291602
ZA1845.1,mwr_TGF01,Swedish_Museum_of_Natural_History,581360,unpublished,simum,Pre-bottleneck,SWRpre,NA,F,South Africa,South_Africa,1845,BGIseq-500,Single_end_100_bp,845500662,156059069,0.1846,0.1666,130064700,0.1538,3.74,0.021,0.00004,0.00017,0.00003,0.000129,0.8081,,excluded from Gwhet and Froh comparisons,0.0000729,0.00008261,0.00011984,0.00205462,0.00008244,0.00011959,NA,0.00008301,0.00008283,0.0114,NA,0.012534,129772,429578,33516,NA,NA
un1856.1,mwr_TGF02,Swedish_Museum_of_Natural_History,581567,unpublished,simum,Pre-bottleneck,SWRpre,NA,F,unknown,NA,1856,BGIseq-500,Single_end_100_bp,783358580,554112554,0.7074,0.4615,298400978,0.3809,7.64,0.0364,0.000092,0.000141,0.000047,0.000074,0.2331,Related to ZA-un.1,excluded from Froh comparison,0.00014879,0.00015214,0.0001687,0.00685397,0.0001511,0.00016754,NA,0.00009065,0.00009003,0.0042,0.54073,0.002717,35314.8,91451,11424,0.00011234,0.000111571
ZA-un.1,mwr_TGF03,Swedish_Museum_of_Natural_History,587554,unpublished,simum,Pre-bottleneck,SWRpre,NA,F,South Africa,South_Africa,NA,BGIseq-500,Single_end_100_bp,799090671,681350455,0.8527,0.2616,503083455,0.6296,17.86,0.0153,0.000162,0.000162,0.000085,0.000085,0.132,Related to un1856.1,,0.00017452,0.00017494,0.00017546,0.00073425,0.00017481,0.00017533,0.001674,0.0001005,0.00010042,0.2199,0.38364,0.214216,198869,2902787,3831,0.00009591,9.5842276100025E-05
ZA1845.2,mwr_TGF04,Swedish_Museum_of_Natural_History,591359,unpublished,simum,Pre-bottleneck,SWRpre,NA,F,South Africa,Kwazulu,1845,BGIseq-500,Single_end_100_bp,797602423,467315629,0.5859,0.3863,286793318,0.3596,9.38,0.0626,0.000098,0.000128,0.000055,0.000073,0.2457,Related to ZA1842.1,excluded from Froh comparison,0.00013896,0.00014144,0.00015402,0.00472232,0.00014077,0.00015329,0.041071,0.00008068,0.0000803,0.0004,0.73121,0.000436,15683.2,31877,5075,0.0000958,9.5348198910608E-05
NA1856.1,mwr_TGF05,Swedish_Museum_of_Natural_History,607458,unpublished,simum,Pre-bottleneck,SWRpre,NA,M,Namibia,Damaraland,1856,BGIseq-500,Single_end_100_bp,836210237,605815434,0.7245,0.2506,454015501,0.5429,10.25,0.0242,0.000129,0.000158,0.000082,0.000102,0.1219,,,0.00015246,0.00015353,0.0001585,0.00082527,0.0001534,0.00015837,0.000854,0.00009971,0.00009963,0.111,0.52409,0.103551,118013,932789,5335,0.00009809,9.8011547202525E-05
NA1845.1,mwr_TGF06,Swedish_Museum_of_Natural_History,607464,unpublished,simum,Pre-bottleneck,SWRpre,NA,F,Namibia,Damaraland,1845,BGIseq-500,Single_end_100_bp,795489557,659106311,0.8286,0.2572,489591769,0.6155,15.02,0.0276,0.000155,0.000161,0.000082,0.000086,0.1244,,,0.00017123,0.00017134,0.00017221,0.00118722,0.00017114,0.00017201,0.001213,0.00009806,0.00009794,0.2449,0.42089,0.250318,171423,2516988,6001,0.00009607,9.5957841518882E-05
NA1857.1,mwr_TGF07,Swedish_Museum_of_Natural_History,607485,unpublished,simum,Pre-bottleneck,SWRpre,NA,F,Namibia,Damaraland,1857,BGIseq-500,Single_end_100_bp,806548920,683008201,0.8468,0.2598,505586100,0.6269,16.03,0.0205,0.000155,0.000158,0.000086,0.000087,0.1394,,,0.00016965,0.00016985,0.00017082,0.00095133,0.00016969,0.00017066,0.001491,0.00010053,0.00010043,0.1811,0.36597,0.232285,194908,3255041,4547,0.00009484,9.4747877670327E-05
ZA1842.1,mwr_TGF09,Swedish_Museum_of_Natural_History,612595,unpublished,simum,Pre-bottleneck,SWRpre,NA,F,South Africa,Umfolozi,1842,BGIseq-500,Single_end_100_bp,808407179,506781160,0.6269,0.3549,326899842,0.4044,6.73,0.0321,0.000077,0.000136,0.000058,0.000104,0.3485,Related to ZA1845.2,,0.00011104,0.00011554,0.00012836,0.00199816,0.00011531,0.0001281,NA,0.00008536,0.00008519,0.0238,0.72813,0.017498,78020.8,274371,14535,0.00009748,9.7286317165224E-05
ZA1995.1,mwr_TGF10,National_Museums_Scotland,Z.2000.033,unpublished,simum,Post-bottleneck,SWRpost,NA,F,South Africa,Umfolozi_Reserve,1995,BGIseq-500,Single_end_100_bp,709162239,541560848,0.7637,0.2919,383506216,0.5408,11.33,0.0059,0.000102,0.000118,0.000071,0.000084,0.3351,,,0.00012037,0.00012241,0.00012918,0.00231474,0.00012213,0.00012888,0.001847,0.00008496,0.00008477,0.2002,0.3521,0.319809,464034,3000502,5317,0.00008553,8.5332219824852E-05
ZA2009.1,mwr_TGF11,National_Museums_Scotland,Z.2009.010,unpublished,simum,Post-bottleneck,SWRpost,NA,F,South Africa,KwaZulu_Natal_Hluluwe_Umfolozi_National_Park,2009,BGIseq-500,Single_end_100_bp,644582780,520754400,0.8079,0.2416,394953678,0.6127,12.51,0.0041,0.000113,0.000124,0.000082,0.000091,0.3137,,,0.00012811,0.00012984,0.00013512,0.0014266,0.00012965,0.00013493,0.001747,0.00009697,0.00009683,0.1171,0.59625,0.257529,475269,2378166,8417,0.00008775,8.762761185552E-05
ZA2010.1,mwr_TGF12,National_Museums_Scotland,Z.2010.73,unpublished,simum,Post-bottleneck,SWRpost,NA,M,South Africa,KwaZulu_Natal,2010,BGIseq-500,Single_end_100_bp,682559275,307297140,0.4502,0.2846,219832366,0.3221,5.57,0.0039,0.00006,0.000132,0.000046,0.000102,0.4908,,,0.0000834,0.00008861,0.0001072,0.00079277,0.00008854,0.00010712,0.006291,0.00007113,0.00007108,0.1499,0.91856,0.234427,611975,5902852,11359,0.00007703,7.6966634750271E-05
un2004.1,mwr_TGF13,National_Museums_Scotland,Z.2004.75,unpublished,simum,Post-bottleneck,SWRpost,NA,M,unknown,NA,2004,BGIseq-500,Single_end_100_bp,755695371,625680704,0.828,0.2026,498937110,0.6602,15.42,0.0025,0.000127,0.000131,0.000086,0.000088,0.2779,,,0.00014042,0.00014085,0.00014126,0.00056265,0.00014077,0.00014118,0,0.00009613,0.00009607,0.0839,0.52613,0.231866,426618,4132375,10125,0.00007891,7.8862103257775E-05
SD1914.1,mwr_TGF14,National_Museums_Scotland,Z.1930.47,unpublished,cottoni,Pre-bottleneck,NWRpre,NA,F,Sudan,Lado_Enclave,1914,BGIseq-500,Single_end_100_bp,717916347,600631894,0.8366,0.2369,458364946,0.6385,12.72,0.0171,0.000186,0.000204,0.000114,0.000126,0.1498,,,0.00020802,0.0002083,0.00020979,0.00095811,0.0002081,0.00020959,0.000845,0.00013001,0.00012989,0.4158,0.39258,0.370672,217302,3986973,3257,0.00012794,0.0001278184
UG1905.2,mwr_TGF15,Powell_Cotton_Museum,123,unpublished,cottoni,Pre-bottleneck,NWRpre,NA,F,Uganda,Ouneri_Nr_Wadelai_Lado_Enclave,1905,BGIseq-500,Single_end_100_bp,797945772,680760555,0.8531,0.2217,529804444,0.664,18.58,0.009,0.000188,0.000187,0.000112,0.000111,0.2348,,,0.00020105,0.00020117,0.00020116,0.00091927,0.00020099,0.00020098,0.025759,0.00012098,0.00012087,0.5722,0.54857,0.431068,273724,5217005,3325,0.00011656,0.0001164558
SD1905.5,mwr_TGF16,Powell_Cotton_Museum,32,unpublished,cottoni,Pre-bottleneck,NWRpre,NA,F,Sudan,By_Kero_Lado_Enclave,1905,BGIseq-500,Single_end_100_bp,810866100,664342818,0.8193,0.1916,537026668,0.6623,17.83,0.0117,0.000205,0.000205,0.000117,0.000117,0.141,,,0.00021962,0.00022007,0.00022062,0.00126321,0.00021979,0.00022034,0.002987,0.0001344,0.00013423,0.3466,0.74671,0.320715,184822,2690839,1647,0.00012453,0.0001243727
ZA1976.1,mwr_TGF17,Natural_History_Museum_Vienna,62132,unpublished,simum,Post-bottleneck,SWRpost,M,M,South Africa,KwaZulu_Natal_Hluluwe_Umfolozi_National_Park,1976,BGIseq-500,Single_end_100_bp,595924021,477386490,0.8011,0.2268,369133906,0.6194,11.88,0.0037,0.000119,0.000135,0.000072,0.000083,0.2763,,,0.00013397,0.00013423,0.0001356,0.0013352,0.00013405,0.00013542,0.000496,0.00008384,0.00008373,0.2456,0.34022,0.207635,424201,4390427,9319,0.00007929,7.918782705176E-05
cap2009.1,wr_P9109_102,San_Diego_Zoo_Institute_for_Conservation_Research,KB21325,unpublished,simum,Post-bottleneck,SWRpost,F,F,captive,captive,2009,Illumina,Paired_end_150_bp,396393903,323144374,0.8152,0.1535,273542061,0.6901,17.2,0.0035,0.000079,0.00008,0.000045,0.000045,0.3886,,,0.00008683,0.00008692,0.00008671,0.00057392,0.00008687,0.00008666,0.055681,0.00005112,0.00005109,0.3619,0.58779,0.280563,535577,6469503,1185,0.00004746,4.7430862847248E-05
cap2010.1,wr_P9109_103,San_Diego_Zoo_Institute_for_Conservation_Research,KB21326,unpublished,simum,Post-bottleneck,SWRpost,F,F,captive,captive,2010,Illumina,Paired_end_150_bp,391652474,326737057,0.8343,0.1562,275697899,0.7039,17.41,0.0016,0.000082,0.000083,0.00005,0.00005,0.3547,,,0.00008989,0.00008982,0.00008965,0.00053248,0.00008977,0.0000896,0.029868,0.00005681,0.00005678,0.2178,0.6716,0.268748,533010,4661230,1188,0.00004757,4.7546468967936E-05
cap2008.1,wr_P9109_104,San_Diego_Zoo_Institute_for_Conservation_Research,KB21328,unpublished,simum,Post-bottleneck,SWRpost,F,F,captive,captive,2008,Illumina,Paired_end_150_bp,464991217,393099780,0.8454,0.1681,327004492,0.7032,20.49,0.0015,0.000087,0.000086,0.000055,0.000054,0.3444,,,0.0000943,0.00009418,0.00009409,0.0005841,0.00009412,0.00009404,0.025274,0.00005882,0.00005878,0.2146,0.56717,0.263491,646410,7505252,745,0.00004932,4.928659487486E-05
cap2011.1,wr_P9109_105,San_Diego_Zoo_Institute_for_Conservation_Research,KB21329,unpublished,simum,Post-bottleneck,SWRpost,F,F,captive,captive,2011,Illumina,Paired_end_150_bp,392551261,328274408,0.8363,0.1344,284140282,0.7238,17.85,0.0016,0.000091,0.000091,0.000054,0.000054,0.296,,,0.00009997,0.00010012,0.00009998,0.00114074,0.00010001,0.00009987,0.002503,0.00006003,0.00005996,0.1376,0.58971,0.225041,369539,6653709,3932,0.00006014,6.0072294869734E-05
cap2011.2,wr_P9109_106,San_Diego_Zoo_Institute_for_Conservation_Research,KB21408,unpublished,simum,Post-bottleneck,SWRpost,F,F,captive,captive,2011,Illumina,Paired_end_150_bp,462564978,395111643,0.8542,0.1337,342295054,0.74,21.62,0.0015,0.000085,0.000083,0.000051,0.00005,0.3539,,,0.00009174,0.00009162,0.00009149,0.00113484,0.00009152,0.00009139,0.042079,0.00005704,0.00005698,0.3432,0.8401,0.403896,734297,13118144,1184,0.00005529,5.523025129188E-05
cap2011.3,wr_P9109_107,San_Diego_Zoo_Institute_for_Conservation_Research,KB21409,unpublished,simum,Post-bottleneck,SWRpost,F,F,captive,captive,2011,Illumina,Paired_end_150_bp,493996657,419769074,0.8497,0.153,355531400,0.7197,22.41,0.0017,0.000087,0.000085,0.000054,0.000053,0.3435,,,0.0000937,0.00009362,0.00009354,0.000358,0.00009359,0.00009351,0.022503,0.0000601,0.00006008,0.3259,0.83574,0.342993,663039,7474966,1209,0.00004851,4.84932332052E-05
ZA2012.1,wr_P9109_108,San_Diego_Zoo_Institute_for_Conservation_Research,KB21391,unpublished,simum,Post-bottleneck,SWRpost,F,F,South Africa,NA,2012,Illumina,Paired_end_150_bp,355398018,304068147,0.8556,0.155,256944179,0.723,16.17,0.0016,0.000087,0.000089,0.000054,0.000055,0.3299,,,0.00009553,0.00009564,0.00009534,0.00035217,0.00009561,0.00009531,0.01497,0.00006081,0.00006079,0.1909,0.66803,0.250496,570962,4312107,8501,0.00005193,5.1914210931475E-05
ZA1968.1,wr_P9109_109,San_Diego_Zoo_Institute_for_Conservation_Research,KB21423,unpublished,simum,Post-bottleneck,SWRpost,F,F,South Africa,NA,1968,Illumina,Paired_end_150_bp,450347121,382462959,0.8493,0.1317,332098823,0.7374,20.84,0.0017,0.000088,0.000087,0.000053,0.000052,0.3397,,,0.00009523,0.00009512,0.00009498,0.00068591,0.00009505,0.00009491,0.008032,0.00005859,0.00005855,0.3147,0.42558,0.321019,587118,7330745,801,0.00005203,5.1998409290469E-05
ZA1969.1,wr_P9109_110,San_Diego_Zoo_Institute_for_Conservation_Research,KB21426,unpublished,simum,Post-bottleneck,SWRpost,F,F,South Africa,NA,1969,Illumina,Paired_end_150_bp,427489688,363328560,0.8499,0.1223,318906462,0.746,20.05,0.0015,0.000089,0.000088,0.000053,0.000053,0.3386,,,0.00009637,0.00009623,0.00009612,0.00066218,0.00009617,0.00009606,0.02815,0.00005862,0.00005858,0.4778,0.4915,0.324224,562656,8459541,7754,0.00005216,5.2123761816906E-05
ZA1958.1,wr_SRR5852738,San_Diego_Zoo_Institute_for_Conservation_Research,PRJNA394025.KB6974.24,Tunstall_et_al.2018,simum,Post-bottleneck,SWRpost,F,F,South Africa,NA,1958,Illumina,Paired_end_150_bp,166146617,131234478,0.7899,0.0037,130747206,0.7869,9.08,0.0005,0.000084,0.000112,0.000047,0.000064,0.3714,,,0.00013982,0.00013646,0.00012799,0.01665024,0.00013419,0.00012586,0.015965,0.00009053,0.00008903,0.133,0.72416,0.228438,549383,10908592,4775,0.00014312,0.0001407321
ZA1963.1,wr_SRR5852739,San_Diego_Zoo_Institute_for_Conservation_Research,PRJNA394025.KB5892.156,Tunstall_et_al.2018,simum,Post-bottleneck,SWRpost,F,F,South Africa,NA,1963,Illumina,Paired_end_150_bp,182943677,139770617,0.764,0.0041,139192630,0.7608,9.7,0.0005,0.000088,0.000112,0.000055,0.000071,0.349,,,0.0001423,0.00013915,0.00013124,0.01709193,0.00013677,0.000129,0.007511,0.0000994,0.0000977,0.3328,0.63295,0.310455,702387,8132349,12465,0.00014546,0.0001429768
ZA1963.2,wr_SRR5852740,San_Diego_Zoo_Institute_for_Conservation_Research,PRJNA394025.KB7062.147,Tunstall_et_al.2018,simum,Post-bottleneck,SWRpost,F,F,South Africa,NA,1963,Illumina,Paired_end_150_bp,183262608,141303484,0.771,0.0048,140620450,0.7673,9.76,0.0007,0.000092,0.000116,0.000058,0.000075,0.3086,,,0.00014697,0.00014382,0.00013571,0.0170533,0.00014137,0.0001334,0.000917,0.00010135,0.00009962,0.3618,0.67287,0.275209,500339,5529992,4247,0.00015051,0.0001479404
SD1972.1,wr_SRR5852741,San_Diego_Zoo_Institute_for_Conservation_Research,PRJNA394025.KB5764.376,Tunstall_et_al.2018,cottoni,Post-bottleneck,NWRpost,F,F,Sudan,NA,1972,Illumina,Paired_end_150_bp,179636474,139848010,0.7785,0.0052,139114182,0.7744,9.68,0.0009,0.000139,0.000177,0.000077,0.0001,0.2154,,,0.00020905,0.00020508,0.00019452,0.01644712,0.00020171,0.00019132,0.000788,0.00013003,0.00012789,0.3817,0.29232,0.402398,291588,5942017,6109,0.00020577,0.0002023827
SD1973.1,wr_SRR5852742,San_Diego_Zoo_Institute_for_Conservation_Research,PRJNA394025.KB5766.372,Tunstall_et_al.2018,cottoni,Post-bottleneck,NWRpost,M,M,Sudan,NA,1973,Illumina,Paired_end_150_bp,187434291,142941851,0.7626,0.0031,142501494,0.7603,9.86,0.0009,0.000137,0.000172,0.000073,0.000094,0.237,,,0.0002036,0.00020031,0.00019102,0.01691394,0.00019692,0.00018779,0.001566,0.00012478,0.00012267,0.3364,0.60607,0.42787,298025,6773574,3425,0.00020361,0.0002001681
SS1954.1,wr_SRR5852743,San_Diego_Zoo_Institute_for_Conservation_Research,PRJNA394025.KB3731.28,Tunstall_et_al.2018,cottoni,Post-bottleneck,NWRpost,F,F,South Sudan,Equatoria,1954,Illumina,Paired_end_150_bp,183307507,140731365,0.7677,0.0032,140285662,0.7653,9.74,0.0007,0.000143,0.000181,0.000077,0.000099,0.2044,,,0.00021673,0.00021296,0.0002014,0.01703195,0.00020933,0.00019797,0.005835,0.00012975,0.00012754,0.3273,0.47454,0.390403,278275,5808820,6201,0.00022193,0.0002181491
SD1972.2,wr_SRR5852744,San_Diego_Zoo_Institute_for_Conservation_Research,PRJNA394025.KB5763.377,Tunstall_et_al.2018,cottoni,Post-bottleneck,NWRpost,F,F,Sudan,NA,1972,Illumina,Paired_end_150_bp,185450379,139998444,0.7549,0.0037,139483797,0.7521,9.74,0.0008,0.000124,0.000158,0.000069,0.00009,0.2725,,,0.00018714,0.00018416,0.00017589,0.0160361,0.00018121,0.00017307,0.029845,0.00011657,0.0001147,0.4229,0.44504,0.425608,298492,9249016,5870,0.00017995,0.0001770594
SD1974.1,wr_SRR5852745,San_Diego_Zoo_Institute_for_Conservation_Research,PRJNA394025.KB8175.374,Tunstall_et_al.2018,cottoni,Post-bottleneck,NWRpost,F,F,Sudan,NA,1974,Illumina,Paired_end_150_bp,166083178,98835593,0.5951,0.0026,98578815,0.5936,6.87,0.0008,0.000102,0.000176,0.000055,0.000096,0.2799,,,0.00020526,0.00019532,0.00017849,0.01720035,0.00019196,0.00017542,0.000315,0.00011761,0.00011558,0.4518,0.67504,0.438481,341211,12436124,7966,0.00021182,0.0002081756
SD1972.3,wr_SRR5852746,San_Diego_Zoo_Institute_for_Conservation_Research,"PRJNA394025,KB9939.373",Tunstall_et_al.2018,cottoni,Post-bottleneck,NWRpost,M,M,Sudan,NA,1972,Illumina,Paired_end_150_bp,158755543,122341238,0.7706,0.0034,121931284,0.768,8.5,0.0009,0.000132,0.000185,0.000074,0.000106,0.2145,,,0.00020971,0.00020484,0.0001939,0.01642052,0.00020148,0.00019072,0.001282,0.00013067,0.00012853,0.429,0.4001,0.375295,262303,5487326,5772,0.00020744,0.0002040367
SD1963.1,wr_SRR5852747,San_Diego_Zoo_Institute_for_Conservation_Research,PRJNA394025.KB6571.74,Tunstall_et_al.2018,cottoni,Post-bottleneck,NWRpost,M,M,Sudan,NA,1963,Illumina,Paired_end_150_bp,171373726,129705211,0.7569,0.0047,129089156,0.7533,8.93,0.0009,0.000135,0.000182,0.000076,0.000104,0.2077,,,0.00021202,0.00020788,0.00019611,0.01713285,0.00020432,0.00019275,0.000862,0.00013059,0.00012836,0.4329,0.54774,0.377752,269887,4942407,4277,0.00021294,0.0002092878
UG1965.1,wr_SRR5852748,San_Diego_Zoo_Institute_for_Conservation_Research,PRJNA394025.KB8174.351,Tunstall_et_al.2018,cottoni,Post-bottleneck,NWRpost,F,F,Uganda,NA,1965,Illumina,Paired_end_150_bp,205073417,150631730,0.7345,0.006,149734543,0.7302,10.42,0.0009,0.000127,0.000155,0.000074,0.000091,0.2982,,,0.00018958,0.00018668,0.0001781,0.01703115,0.0001835,0.00017507,0.021171,0.00012473,0.0001226,0.4345,0.50482,0.446669,323284,4776863,4389,0.00018853,0.0001853172
SD1972.4,wr_SRR5852749,San_Diego_Zoo_Institute_for_Conservation_Research,PRJNA394025.KB9947.348,Tunstall_et_al.2018,cottoni,Post-bottleneck,NWRpost,M,M,Sudan,NA,1972,Illumina,Paired_end_150_bp,179506453,137015991,0.7633,0.0035,136530013,0.7606,9.51,0.0005,0.000135,0.000174,0.000073,0.000096,0.2397,,,0.0002045,0.00020042,0.00019041,0.01653318,0.00019711,0.00018726,0.002396,0.00012627,0.00012419,0.4736,0.50354,0.396181,259113,4867176,5313,0.00019965,0.0001963472
ZA1961.1,wr_SRR5852750,San_Diego_Zoo_Institute_for_Conservation_Research,PRJNA394025.KB13306.34,Tunstall_et_al.2018,simum,Post-bottleneck,SWRpost,M,M,South Africa,NA,1961,Illumina,Paired_end_150_bp,173971516,134278827,0.7718,0.0057,133514813,0.7675,9.27,0.0008,0.000085,0.000112,0.000052,0.00007,0.3608,,,0.00013927,0.00013583,0.00012827,0.0169918,0.00013352,0.00012609,0.006085,0.00009513,0.00009351,0.1619,0.39993,0.260083,536737,7073731,8817,0.00013737,0.0001350378
